id,topic,category,target_audience,intent,cta,status
1,影像測量儀是什麼 新手採購前必讀,新手教育,第一次採購品管設備的工廠主管,education,閱讀完整指南,pending
2,2.5D 量測儀和傳統投影機差在哪裡,設備比較,機械加工廠品檢人員,education,閱讀完整指南,pending
3,KEYENCE IM 系列適合哪些工廠使用,品牌比較,正在評估自動量測設備的採購,education,我要找儀器,pending
4,二手影像測量儀採購前要檢查哪些項目,採購指南,想買二手檢測設備的買家,buyer,閱讀完整指南,pending
5,工廠閒置影像測量儀如何快速出售,賣家指南,有閒置設備要處理的工廠老闆,seller,免費刊登,pending
6,二手儀器估價會看哪些條件,二手估價,想了解設備殘值的賣家,seller,免費估價,pending
7,光學檢測設備如何幫品管提升效率,應用場景,電子廠品管主管,education,閱讀完整指南,pending
8,品管量測設備採購常見預算區間,採購指南,中小型製造業採購,buyer,我要找儀器,pending
9,機械加工廠導入 2.5D 量測儀的實際效益,應用場景,CNC 加工廠負責人,education,閱讀完整指南,pending
10,電子廠檢測設備汰換時機怎麼判斷,採購指南,電子製造廠工程主管,buyer,我要找儀器,pending
11,KEYENCE IM 二手機行情如何初步判斷,二手估價,持有 KEYENCE IM 設備的賣家,seller,免費估價,pending
12,二手影像測量儀買家最在意的三件事,賣家指南,準備出售檢測設備的賣家,seller,免費刊登,pending
13,影像測量儀和三次元量床怎麼選,設備比較,正在比較量測方案的品保主管,buyer,閱讀完整指南,pending
14,2.5D 量測儀適合量測哪些零件,應用場景,精密零件加工廠,education,閱讀完整指南,pending
15,工廠閒置設備出售前如何整理資料,賣家指南,設備管理與總務人員,seller,免費刊登,pending
16,二手儀器估價前需要準備哪些照片,二手估價,想快速估價的設備持有人,seller,免費估價,pending
17,光學檢測設備常見品牌怎麼比較,品牌比較,正在找檢測設備的採購,buyer,我要找儀器,pending
18,品管量測設備導入前要先確認哪些規格,採購指南,品保與製程工程師,buyer,閱讀完整指南,pending
19,機械加工廠常見量測痛點有哪些,社團討論,加工廠老闆與品檢人員,engagement,加入社團討論,pending
20,電子廠二手檢測設備交易要注意什麼,採購指南,電子廠設備採購,buyer,閱讀完整指南,pending
21,KEYENCE IM 系列和其他影像測量儀比較,品牌比較,正在比較品牌的買家,buyer,我要找儀器,pending
22,二手影像測量儀如何避免買到不合用設備,採購指南,二手設備買家,buyer,閱讀完整指南,pending
23,影像測量儀保養維修會影響二手價嗎,保養維修,設備持有人與賣家,seller,免費估價,pending
24,2.5D 量測儀校正紀錄為什麼重要,保養維修,品管主管與二手買家,education,閱讀完整指南,pending
25,閒置 KEYENCE IM 設備成功出售案例,成交案例,有同類設備要出售的工廠,seller,免費刊登,pending
26,二手儀器買賣平台適合刊登哪些設備,賣家指南,工廠設備管理人,seller,免費刊登,pending
27,光學檢測設備在精密加工的應用案例,成交案例,精密加工業經營者,education,閱讀完整指南,pending
28,品管量測設備是買新機還是二手機划算,設備比較,預算有限的採購與主管,buyer,我要找儀器,pending
29,你們工廠有閒置影像測量儀嗎,社團討論,製造業社團成員,engagement,加入社團討論,pending
30,二手 2.5D 量測儀估價常見問題整理,二手估價,想出售或購入 2.5D 設備的人,seller,免費估價,pending
